{
  "project_info": {
    "project_number": "382202069404",
    "project_id": "reloc-bd95f",
    "storage_bucket": "reloc-bd95f.appspot.com"
  },
  "client": [
    {
      "client_info": {
        "mobilesdk_app_id": "1:382202069404:android:50a57e7f459c5c5d808859",
        "android_client_info": {
          "package_name": "com.example.reloc"
        }
      },
      "oauth_client": [
        {
          "client_id": "382202069404-5nseekobsso852cqaattmtbml28hf7j9.apps.googleusercontent.com",
          "client_type": 1,
          "android_info": {
            "package_name": "com.example.reloc",
            "certificate_hash": "601d280b634f2cca339429a020673ba0154aa516"
          }
        },
        {
          "client_id": "382202069404-3mgulcs0go6vnlcq8vapl109u98utd6a.apps.googleusercontent.com",
          "client_type": 3
        }
      ],
      "api_key": [
        {
          "current_key": "AIzaSyC1AtO7x0iAPAROosrus60KQpp9zNEgJTk"
        }
      ],
      "services": {
        "appinvite_service": {
          "other_platform_oauth_client": [
            {
              "client_id": "382202069404-3mgulcs0go6vnlcq8vapl109u98utd6a.apps.googleusercontent.com",
              "client_type": 3
            }
          ]
        }
      }
    }
  ],
  "configuration_version": "1"
}